Product,Specification Sheet,Brand,Product Type,Power Source,Main product description,Catalogue description,Unit Dimension 1 Width in mm,Unit Dimension 2 Depth in mm,Unit Dimension 3 Height in mm,Total Gas Rating - kW (Nett) Natural Gas,Total Gas Rating - btu/hr (gross) Natural Gas,Electrical Rating (kW),Weight (kg),List Price,Discount Amount,Buying,Increase,Resale,Images,Page in 2014 catalogue
G1006X ,FAL01,Chieftain,Range,Gas,Four burner open top range,"<p>Individual cast iron burner pan supports</p><p>Four shelf operation, two shelves supplied</p><p>Oven temperature range: 125 - 275?C</p><p>Gastronorm compatibility: 2/1</p><p>Piezo ignition to oven burner</p>",900,940,900,40.1,150700,,240,6150,47.5,3228.75,18,3809.925,G1006X.jpg ,6
G1066X,FAL01,Chieftain,Range,Gas,Six burner open top range,"<p>Individual cast iron burner pan supports</p><p>Four shelf operation, two shelves supplied</p><p>Oven temperature range: 125 - 275?C</p><p>Gastronorm compatibility: 2/1</p><p>Piezo ignition to oven burner</p>",900,940,900,55.1,207100,,250,6220,47.5,3265.5,18,3853.29,G1066X.jpg,6
G1006BX,FAL01,Chieftain,Range,Gas,Single bullseye range,"<p>Cast iron solid top plate</p><p>Four shelf operation, two shelves supplied</p><p>Oven temperature range: 125 - 275?C</p><p>Gastronorm compatibility: 2/1</p><p>Piezo ignition to oven burner</p>",900,940,900,19.5,73900,,245,6065,47.5,3184.125,18,3757.2675,G1006BX.jpg,6
G1006FX,FAL01,Chieftain,Range,Gas,Twin bullseye range,"<p>Cast iron solid top plate</p><p>Four shelf operation, two shelves supplied</p><p>Oven temperature range: 125 - 275?C</p><p>Gastronorm compatibility: 2/1</p><p>Piezo ignition to oven burner</p>",900,,,25.1,94100,,240,6355,47.5,3336.375,18,3936.9225,G1006FX.jpg,6
G1026X,FAL02,Chieftain,Boiling Table,Gas,Four burner open top boiling table,<p>Individual cast iron burner pan supports</p><p>Open cabinet storage area</p>,900,940,900,30,112400,,141,3810,47.5,2000.25,18,2360.295,G1026X.jpg,7
G1060X,FAL02,Chieftain,Boiling Table,Gas,Six burner open top boiling table,<p>Individual cast iron burner pan supports</p><p>Open cabinet storage area</p>,900,940,900,45,168600,,240,3870,47.5,2031.75,18,2397.465,G1060X.jpg,7
G1026BX,FAL02,Chieftain,Boiling Table,Gas,Solid top single bullseye boiling table,<p>Cast iron solid top plate</p><p>Open cabinet storage area</p>,900,940,900,9.6,36000,,159,3725,47.5,1955.625,18,2307.6375,G1026BX.jpg,7
G1016X,FAL03,Chieftain,General Purpose Oven,Gas,General purpose oven,"<p>Worktop hob</p><p>Four shelf operation, two shelves supplied</p><p>Oven temperature range: 125 - 275?C</p><p>Gastronorm compatibility: 2/1</p>",900,940,900,10.1,37900,,177,3810,47.5,2000.25,18,2360.295,G1016X.jpg,7
G1808X,FAL04,Chieftain,Fryer,Gas,Single pan single basket fryer,<p>Stainless steel hob with mild steel pan</p><p>Piezo ignition to burner</p><p>Pan lid supplied</p><p>Oil capacity: 15 litres</p><p>Chip output: 32kg per hour</p>,300,850,900,18.1,67900,,64,3960,47.5,2079,18,2453.22,G1808X.jpg,8
G1838X,FAL04,Chieftain,Fryer,Gas,Single Pan Twin Basket Fryer,<p>Stainless steel hob with mild steel pan</p><p>Piezo ignition to burner</p><p>Pan lid supplied</p><p>Oil capacity: 24 litres</p><p>Chip output: 55kg per hour</p>,600,850,900,32.5,122000,,92,4580,47.5,2404.5,18,2837.31,G1838X.jpg,8
G1848X,FAL04,Chieftain,Fryer,Gas,Twin Pan Twin Basket Fryer,<p>Stainless steel hob with two mild steel pans</p><p>Piezo ignition to burner</p><p>Pan lid supplied</p><p>Oil capacity: 30 litres</p><p>Chip output: 64kg per hour</p><p>FOR USE WITH GAS FRYERS ONLY!</p>,600,850,900,36.2,135800,,116,6180,47.5,3244.5,18,3828.51,G1848X.jpg,8
G2962,FAL06,Chieftain,Bratt pan,Gas,Manual-tilt bratt pan,"<p>Cast iron pan</p><p>Pan size: 500mm (w) x 530mm (d) x 140mm (h)</p><p>Water capacity: 21 litres</p><p>Manually operated, easy tilt system</p><p>Piezo ignition to burner</p>",600,770,870,10.3,38700,,125,5930,47.5,3113.25,18,3673.635,G2962.jpg,9
G2994,FAL06,Chieftain,Bratt pan,Gas,Manual-tilt bratt pan,"<p>Cast iron pan</p><p>Pan size: 800mm (w) x 530mm (d) x 140mm (h)</p><p>Water capacity: 32 litres</p><p>Manually operated, easy tilt system</p><p>Piezo ignition to burner</p>",900,770,870,16,60100,,165,7235,47.5,3798.375,18,4482.0825,G2994.jpg,9
G2995,FAL07,Chieftain,Bratt pan,Gas,Autolift bratt pan,"<p>Cast iron pan</p><p>Pan size: 800mm (w) x 530mm (d) x 140mm (h)</p><p>Water capacity: 32 litres</p><p>Automatic, bellows-operated, easy tilt system</p><p>Piezo ignition to burner</p>",900,770,870,16,60100,,165,8445,47.5,4433.625,18,5231.6775,G2995.jpg,9
G1528,FAL09,Chieftain,Salamander grill,Gas,Salamander grill,"<p>Heated by powerful infra-red burner system</p><p>Supplied with cast aluminium brander, wire shelf and drip tray</p><p>Brander dimensions: 610mm (w) x 420mm (d)</p><p>Burner lit manually by taper</p><p>Twin heat settings</p>",900,553,505,13.2,49500,,82,2985,47.5,1567.125,18,1849.2075,G1528.jpg,10
G2522,FAL10,Chieftain,Salamander grill,Gas,Salamander grill,<p>Heated by three high-power gas burners</p><p>Supplied with brander and nickel-plated grid shelf</p><p>Brander dimensions: 660mm (w) x 410mm (d)</p><p>Burner lit manually by taper</p><p>Twin heat settings</p>,900,585,505,13.3,49900,,74,2205,47.5,1157.625,18,1365.9975,G2522.jpg,10
E1006X,FAL11,Chieftain,Range,Electric,Three hotplate range,"<p>Three cast iron hotplates</p><p>Four shelf operation, two shelves supplied</p><p>Oven temperature range: 125 - 250?C</p><p>Gastronorm compatibility: 2/1</p>",900,940,900,,,15.35,227,7085,47.5,3719.625,18,4389.1575,E1006X.jpg,11
E1026X,FAL12,Chieftain,Boiling table,Electric,Three hotplate boiling table,<p>Three cast iron hotplates</p><p>Open cabinet storage area</p>,900,940,900,,,10.05,150,5310,47.5,2787.75,18,3289.545,E1026X.jpg,11
E1808,FAL13,Chieftain,Fryer,Electric,Single pan single basket fryer,<p>Stainless steel hob with mild steel pan</p><p>Pan lid supplied</p><p>Oil capacity: 19 litres</p><p>Chip output: 27kg per hour</p>,300,850,900,,,9.6,51,3170,47.5,1664.25,18,1963.815,E1808.jpg,12
E1838,FAL13,Chieftain,Fryer,Electric,Single pan twin basket fryer,<p>Stainless steel hob with mild steel pan</p><p>Pan lid supplied</p><p>Oil capacity: 39 litres</p><p>Chip output: 54kg per hour</p>,600,850,900,,,19.2,78,4365,47.5,2291.625,18,2704.1175,E1838.jpg,12
E1848,FAL13,Chieftain,Fryer,Electric,Twin pan twin basket fryer,<p>Stainless steel hob with two mild steel pans</p><p>Pan lid supplied</p><p>Oil capacity: 38 litres</p><p>Chip output: 54kg per hour</p>,600,850,900,,,19.2,100,5465,47.5,2869.125,18,3385.5675,E1848.jpg,12
E2962,FAL14,Chieftain,Bratt pan,Electric,Manual-tilt bratt pan,"<p>Cast iron pan</p><p>Pan size: 500mm (w) x 530mm (d) x 140mm (h)</p><p>Water capacity: 21 litres</p><p>Oil capacity: 14 litres</p><p>Manually operated, easy tilt system</p>",600,770,870,,,5.88,123,5890,47.5,3092.25,18,3648.855,E2962.jpg,13
E2994,FAL14,Chieftain,Bratt pan,Electric,Manual-tilt bratt pan,"<p>Cast iron pan</p><p>Pan size: 800mm (w) x 530mm (d) x 140mm (h)</p><p>Water capacity: 32 litres</p><p>Oil capacity: 21 litres</p><p>Manually operated, easy tilt system</p>",900,770,870,,,8.82,165,7330,47.5,3848.25,18,4540.935,E2994.jpg,13
E2965,FAL14,Chieftain,Bratt pan,Electric,Autolift bratt pan,"<p>Cast iron pan</p><p>Pan size: 500mm (w) x 530mm (d) x 140mm (h)</p><p>Water capacity: 21 litres</p><p>Oil capacity: 14 litres</p><p>Automatic, bellows-operated, easy tilt system</p>",600,770,870,,,5.88,125,6715,47.5,3525.375,18,4159.9425,E2965.jpg,13
G2965,FAL14,Chieftain,Bratt pan,Gas,Autolift bratt pan,"<p>Cast iron pan</p><p>Pan size: 500mm (w) x 530mm (d) x 140mm (h)</p><p>Water capacity: 21 litres</p><p>Oil capacity: 14 litres</p><p>Automatic, bellows-operated, easy tilt system</p>",600,770,870,,,5.88,125,6660,47.5,3496.5,18,4125.87,E2965.jpg,13
E2995,FAL14,Chieftain,Bratt pan,Electric,Autolift bratt pan,"<p>Cast iron pan</p><p>Pan size: 800mm (w) x 530mm (d) x 140mm (h)</p><p>Water capacity: 32 litres</p>p>Oil capacity:21 litres</p><p>Automatic, bellows-operated, easy tilt system</p>",900,770,870,,,8.82,168,8370,47.5,4394.25,18,5185.215,E2995.jpg,13
E2522,FAL17,Chieftain,Salamander grill,Electric,Salamander grill,<p>High-power elements</p><p>Supplied with brander and nickel-plated grid shelf</p><p>Brander dimensions: 660mm (w) x 410mm (d)</p>,900,540,500,,,7,77,2435,47.5,1278.375,18,1508.4825,E2522.jpg,14
G3101,DOM01,Dominator Plus,Range,Gas,Six burner open top range,"<p>Three cast iron pan supports</p><p>Semi-sealed, pressed stainless steel hob</p><p>Five shelf operation, two shelves supplied</p><p>Oven temperature range: 120 - 270?C</p><p>Gastronorm compatibility: 2/1</p><p>Piezo ignition to oven</p>",900,770,890,38.9,146000,,114,2980,47.5,1564.5,18,1846.11,G3101.jpg,18
G3101D,DOM27,Dominator Plus,Range,Gas,Six burner open top range,"<p>Three cast iron pan supports</p><p>Semi-sealed, pressed stainless steel hob</p><p>Five shelf operation, two shelves supplied</p><p>Oven temperature range: 120 - 270?C</p><p>Gastronorm compatibility: 2/1</p><p>Piezo ignition to oven</p><p>Drop down oven door</p>",900,770,890,38.9,146000,,114,2980,47.5,1564.5,18,1846.11,G3101D.jpg,18
G3101 OTC,DOM14,Dominator Plus,Range,Gas & Electric,Six burner open top fan-assisted oven range,"<p>Three cast iron pan supports</p><p>Semi-sealed, pressed stainless steel hob</p><p>Five shelf operation, two shelves supplied</p><p>Oven temperature range: 120 - 270?C</p><p>Gastronorm compatibility: 2/1</p><p>Piezo ignition to oven</p>",900,770,890,31.8,119400,6.5,115,4695,47.5,2464.875,18,2908.5525,G3101OTC.jpg,18
G3161,DOM01,Dominator Plus,Range,Gas,Four burner open top range,"<p>Two cast iron pan supports</p><p>Semi-sealed, pressed stainless steel hob</p><p>Five shelf operation, two shelves supplied</p><p>Oven temperature range: 120 - 270?C</p><p>Gastronorm compatibility: 2/1</p><p>Piezo ignition to oven</p>",600,770,890,26,97600,,88,2955,47.5,1551.375,18,1830.6225,G3161.jpg,19
G3161D,DOM27,Dominator Plus,Range,Gas,Four burner open top range,"<p>Two cast iron pan supports</p><p>Semi-sealed, pressed stainless steel hob</p><p>Five shelf operation, two shelves supplied</p><p>Oven temperature range: 120 - 270?C</p><p>Gastronorm compatibility: 2/1</p><p>Piezo ignition to oven</p><p>Drop down oven door</p>",600,770,890,26,97600,,88,2955,47.5,1551.375,18,1830.6225,G3161D.jpg,19
G3107,DOM01,Dominator Plus,Range,Gas,Single bullseye solid top range,"<p>ChefÍs cast iron solid top</p><p>Five shelf operation, two shelves supplied</p><p>Oven temperature range: 120 - 270?C</p><p>Gastronorm compatibility: 2/1</p><p>Piezo ignition to oven</p>",900,770,890,17.3,64900,,137,3835,47.5,2013.375,18,2375.7825,G3107.jpg,20
G3107D,DOM28,Dominator Plus,Range,Gas,Single bullseye solid top range,"<p>ChefÍs cast iron solid top</p><p>Five shelf operation, two shelves supplied</p><p>Oven temperature range: 120 - 270?C</p><p>Gastronorm compatibility: 2/1</p><p>Piezo ignition to oven</p><p>Drop down oven door</p>",900,770,890,17.3,64900,,137,3835,47.5,2013.375,18,2375.7825,G3107D.jpg,20
G3106,DOM32,Dominator Plus,Range,Gas,Open top fan-assisted oven range,"<p>Three cast iron pan supports</p><p>Semi-sealed, pressed stainless steel hob</p><p>Five shelf operation, two shelves supplied</p><p>Oven temperature range: 100 - 250?C</p><p>Gastronorm compatibility: 2/1</p><p>Piezo ignition to oven</p>",900,770,890,41.3,155100,,145,5265,47.5,2764.125,18,3261.6675,G3106.jpg,18
G3151,DOM48,Dominator Plus,Range,Gas,Six burner open top with wok burner oven range,"<p>Five regular hob burners and one wok burner</p><p>Three cast iron pan supports</p><p>Semi-sealed, pressed stainless steel hob</p><p>Five shelf operation, two shelves supplied</p><p>Oven temperature range: 120 - 270?C</p><p>Gastronorm compatibility: 2/1</p><p>Piezo ignition to oven</p>",900,770,890,41.4,155430,,116,3315,47.5,1740.375,18,2053.6425,G3151.jpg,19
G3151D,DOM48,Dominator Plus,Range,Gas,Six burner open top with wok burner oven range,"<p>Five regular hob burners and one wok burner</p><p>Three cast iron pan supports</p><p>Semi-sealed, pressed stainless steel hob</p><p>Five shelf operation, two shelves supplied</p><p>Oven temperature range: 120 - 270?C</p><p>Gastronorm compatibility: 2/1</p><p>Piezo ignition to oven</p><p>Drop down oven door</p>",900,770,890,41.4,155430,,116,3315,47.5,1740.375,18,2053.6425,G3151D.jpg,19
G3127,DOM02,Dominator Plus,Boiling table,Gas,Single bullseye solid top boiling table,<p>ChefÍs cast iron solid top</p><p>Mounted upon open stand</p>,900,770,890,11.2,38300,,103,3330,47.5,1748.25,18,2062.935,G3127.jpg,22
G3122,DOM44,Dominator Plus,Boiling top,Gas,Two burner open top boiling top,"<p>Cast iron pan support</p><p>Semi-sealed, pressed stainless steel hob</p><p>Mounted upon adjustable legs</p><p>Hob height on optional stand: 890mm</p>",400,770,455,10.6,39800,,28.5,1190,47.5,624.75,18,737.205,G3122.jpg,22
G3121,DOM35,Dominator Plus,Boiling top,Gas,Six burner open top boiling top,"<p>Two cast iron pan supports</p><p>Semi-sealed, pressed stainless steel hob</p><p>Mounted upon adjustable legs</p><p>Hob height on optional stand: 890mm</p>",900,770,455,31.8,119400,,75,2585,47.5,1357.125,18,1601.4075,G3121.jpg,22
G3124,DOM35,Dominator Plus,Boiling top,Gas,Four burner open top boiling top,"<p>Three cast iron pan supports</p><p>Semi-sealed, pressed stainless steel hob</p><p>Mounted upon adjustable legs</p><p>Hob height on optional stand: 890mm</p>",600,770,455,21.2,79600,,54,2415,47.5,1267.875,18,1496.0925,G3124.jpg,22
G3150,DOM49,Dominator Plus,Boiling top,Gas,Six burner open top with wok burner boiling top,"<p>Five regular hob burners and one wok burner</p><p>Three cast iron pan supports</p><p>Semi-sealed, pressed stainless steel hob</p><p>Mounted upon adjustable legs</p><p>Hob height on optional stand: 890mm</p>",900,770,455,34,127610,,77,2935,47.5,1540.875,18,1818.2325,G3150.jpg,19
G3117,DOM03,Dominator Plus,General purpose oven,Gas,General purpose oven on legs,"<p>Five shelf operation, two shelves supplied</p><p>Oven temperature range: 120 - 270?C</p><p>Gastronorm compatibility: 2/1</p><p>Worktop model</p><p>Piezo ignition to oven</p>",900,770,890,7.1,26600,,120,3790,47.5,1989.75,18,2347.905,G3117.jpg,20
G3117D,DOM29,Dominator Plus,General purpose oven,Gas,General purpose oven on legs,"<p>Five shelf operation, two shelves supplied</p><p>Oven temperature range: 120 - 270?C</p><p>Gastronorm compatibility: 2/1</p><p>Worktop model</p><p>Piezo ignition to oven</p><p>Drop down door version</p>",900,770,890,7.1,26600,,120,3790,47.5,1989.75,18,2347.905,G3117D.jpg,21
G3117/2,DOM29,Dominator Plus,General purpose oven,Gas,Two tier general purpose oven,"<p>Two-tier oven configuration</p><p>Five shelf operation, two shelves supplied per oven</p><p>Oven temperature range: 120 - 270?C</p><p>Gastronorm compatibility: 2/1</p><p>Piezo ignition to oven</p>",900,770,1715,14.2,53200,,195,7345,47.5,3856.125,18,4550.2275,G3117/2.jpg,21
G2102,FAL21,Dominator,Convection oven,Gas,Six burner fan-assisted oven range,"<p>Three cast iron pan supports</p><p>Five shelf operation, four shelves supplied</p><p>Oven temperature range: 100 - 250?C</p><p>Gastronorm compatibility: 2/1</p><p>Piezo ignition</p>",900,855,870,52.8,198200,,221,8740,47.5,4588.5,18,5414.43,G2102.jpg,57
G2112,FAL21,Dominator,Convection oven,Gas,Convection oven on legs,"<p>Five shelf operation, four shelves supplied</p><p>Oven temperature range: 100 - 250?C</p><p>Gastronorm compatibility: 2/1</p><p>Piezo ignition</p>",900,855,870,21,78800,,181,7400,47.5,3885,18,4584.3,G2112.jpg,57
G2112/2,FAL21,Dominator,Convection oven,Gas,Two tier convection oven,"<p>Two-tier oven configuration</p><p>Five shelf operation, four shelves supplied</p><p>Oven temperature range: 100 - 250?C</p><p>Gastronorm compatibility: 2/1</p><p>Piezo ignition</p>",900,855,1465,42,157600,,362,14250,47.5,7481.25,18,8827.875,G2112-2.jpg,57
G3478,DOM19,Dominator Plus,Steaming Oven,Gas,Steaming oven,<p>Six shelves supplied</p><p>Gastronorm compatibility: 2/1</p><p>Piezo ignition</p>,600,840,1590,12.1,45400,,110,5155,47.5,2706.375,18,3193.5225,G3478.jpg,28
G3203,DOM20,Dominator Plus,Pasta Boiler,Gas,Pasta boiler,<p>Stainless steel hob with mild steel pan</p><p>Supplied with three baskets</p><p>Piezo ignition</p><p>Water supply: ø15mm copper pipe</p><p>Water capacity: 16 litres</p>,300,770,1193,18.2,68300,,57,3845,47.5,2018.625,18,2381.9775,G3203.jpg,28
G3206,DOM20,Dominator Plus,Pasta Boiler,Gas,Pasta boiler,<p>Stainless steel hob with mild steel pan</p><p>Supplied with six baskets</p><p>Piezo ignition</p><p>Water supply: ø15mm copper pipe</p><p>Water capacity: 32 litres</p>,600,770,1193,32.5,122000,,76,4550,47.5,2388.75,18,2818.725,G3206.jpg,29
G3830,DOM04,Dominator Plus,Fryer,Gas,Single pan single basket fryer,<p>Stainless steel hob with mild steel pan</p><p>Piezo ignition to burner</p><p>Pan lid supplied</p><p>Oil capacity: 15 litres</p><p>Chip output: 32kg per hour</p>,300,770,890,18.1,67900,,59,3150,47.5,1653.75,18,1951.425,G3830.jpg,23
G3840,DOM30,Dominator Plus,Fryer,Gas,Single pan twin basket fryer,<p>Stainless steel hob with mild steel pan</p><p>Piezo ignition to burner</p><p>Pan lid supplied</p><p>Oil capacity: 18 litres</p><p>Chip output: 34kg per hour</p>,300,770,890,23,86300,,83,3890,47.5,2042.25,18,2409.855,G3840.jpg,23
G3840F,DOM25,Dominator Plus,Fryer,Gas,Single pan twin basket fryer with filtration,<p>Stainless steel hob with mild steel pan</p><p>Inbuilt filtration</p><p>Piezo ignition to burner</p><p>Pan lid supplied</p><p>Oil capacity: 18 litres</p><p>Chip output: 34kg per hour</p>,400,770,890,23,86300,,94,5085,47.5,2669.625,18,3150.1575,G3840F.jpg,23
G3860,DOM04,Dominator Plus,Fryer,Gas,Single pan twin basket fryer,<p>Stainless steel hob with mild steel pan</p><p>Piezo ignition to burner</p><p>Pan lid supplied</p><p>Oil capacity: 24 litres</p><p>Chip output: 54kg per hour</p>,600,770,890,32.5,122000,,74,3840,47.5,2016,18,2378.88,G3860.jpg,23
G3865,DOM04,Dominator Plus,Fryer,Gas,Twin pan twin basket fryer,<p>Stainless steel hob with two mild steel pans</p><p>Piezo ignition to burner</p><p>Pan lid supplied</p><p>Oil capacity: 30 litres</p><p>Chip output: 64kg per hour</p>,600,770,890,36.2,135900,,99,4640,47.5,2436,18,2874.48,G3865.jpg,23
G3512,DOM17,Dominator Plus,Salamander grill,Gas,Salamander grill,"<p>Supplied with brander and nickel-plated grid shelf</p><p>Supplied with cast aluminium brander, wire shelf and drip tray</p><p>Five position shelf runners</p><p>Brander dimensions: 450mm (w) x 410mm (d)</p>",725,585,505,8.5,31900,,61,2060,47.5,1081.5,18,1276.17,G3512.jpg,27
G3532,DOM17,Dominator Plus,Salamander grill,Gas,Salamander grill,"<p>Supplied with brander and nickel-plated grid shelf</p><p>Supplied with cast aluminium brander, wire shelf and drip tray</p><p>Five position shelf runners</p><p>Brander dimensions: 540mm (w) x 275mm (d)</p>",785,330,350,6.6,24800,,36,1585,47.5,832.125,18,981.9075,G3532.jpg,27
G1478,FAL26,Dominator,Stockpot stove,Gas,Stockpot stove,"<p>High powered, double ring, single burner with
vitreous enamelled cast iron hob</p>",610,610,480,14.6,54800,,40,1495,47.5,784.875,18,926.1525,G1478.jpg,63
G3625,DOM05,Dominator Plus,Radiant chargrill,Gas,Radiant chargrill,<p>Two manually-controlled gas burners</p><p>Piezo ignition to each burner</p><p>Number of branders: 6</p><p>Mounted upon adjustable legs</p><p>Cooking area: 560mm (w) x 630mm (d)</p>,600,770,615,17.3,64900,,143,2970,47.5,1559.25,18,1839.915,G3625.jpg,24
G3925,DOM05,Dominator Plus,Radiant chargrill,Gas,Radiant chargrill,<p>Three manually-controlled gas burners</p><p>Piezo ignition to each burner</p><p>Number of branders: 9</p><p>Mounted upon adjustable legs</p><p>Cooking area: 860mm (w) x 630mm (d)</p>,900,770,615,26.4,99100,,205,3770,47.5,1979.25,18,2335.515,G3925.jpg,24
G31225,DOM05,Dominator Plus,Radiant chargrill,Gas,Radiant chargrill,<p>Four manually-controlled gas burners</p><p>Piezo ignition to each burner</p><p>Number of branders: 12</p><p>Mounted upon adjustable legs</p><p>Cooking area: 1160mm (w) x 630mm (d)</p>,1200,770,615,31.8,119400,,286,5075,47.5,2664.375,18,3143.9625,G31225.jpg,25
G31525,DOM05,Dominator Plus,Radiant chargrill,Gas,Radiant chargrill,<p>Five manually-controlled gas burners</p><p>Piezo ignition to each burner</p><p>Number of branders: 15</p><p>Mounted upon adjustable legs</p><p>Cooking area: 1460mm (w) x 630mm (d)</p>,1500,770,615,37.3,140000,,348,6205,47.5,3257.625,18,3843.9975,G31525.jpg,25
G3641,DOM06,Dominator Plus,Griddle,Gas,Mild steel griddle,<p>Polished steel plate provides even heat distribution</p><p>Two thermostatically-controlled gas burners</p><p>Piezo ignition to each burner</p><p>Mounted upon adjustable legs</p><p>Cooking area: 595mm (w) x 485mm (d)</p>,600,770,615,10.6,39800,,102,2780,47.5,1459.5,18,1722.21,G3641.jpg,26
G3641R,DOM06,Dominator Plus,Griddle,Gas,Mild steel griddle,<p>Half-ribbed steel plate provides even heat distribution</p><p>Two thermostatically-controlled gas burners</p><p>Piezo ignition to each burner</p><p>Mounted upon adjustable legs</p><p>Cooking area: 595mm (w) x 485mm (d)</p>,600,770,615,10.6,39800,,102,3010,47.5,1580.25,18,1864.695,G3641R.jpg,26
G3941,DOM06,Dominator Plus,Griddle,Gas,Mild steel griddle,<p>Polished steel plate provides even heat distribution</p><p>Three thermostatically-controlled gas burner</p><p>Piezo ignition</p><p>Mounted upon adjustable legs</p><p>Cooking area: 895mm (w) x 485mm (d)</p>,900,770,615,15.9,59700,,137,3640,47.5,1911,18,2254.98,G3941.jpg,27
G3941R,DOM06,Dominator Plus,Griddle,Gas,Mild steel griddle,<p>Half-ribbed steel plate provides even heat distribution</p><p>Three thermostatically-controlled gas burner</p><p>Piezo ignition</p><p>Mounted upon adjustable legs</p><p>Cooking area: 895mm (w) x 485mm (d)</p>,900,770,615,15.9,59700,,137,3665,47.5,1924.125,18,2270.4675,G3941R.jpg,27
G3800D,DOM18,Dominator Plus,Bratt Pan,Gas,Duplex steel bratt pan,<p>60 litre Duplex stainless steel pan</p><p>Manual tilt via front located handle</p><p>Automatic power cut-off when pan tilts</p><p>Precise temperature control from 100 - 300?C</p><p>Integrated water faucet</p>,800,770,890,14,52545,,168,5200,47.5,2730,18,3221.4,G3800.jpg,28
G2078-45,FAL30,Dominator,Boiling pan,Gas,Round-cased boiling pan,<p>One piece stainless steel pan</p><p>Water faucet and lift-off lid supplied as standard</p><p>Piezo ignition</p><p>Water connection: 15mm</p><p>Drain valve: 1?î</p>,610,745,838,8.5,31900,,82,3980,47.5,2089.5,18,2465.61,G2078-45.jpg,62
G2078-90,FAL30,Dominator,Boiling pan,Gas,Round-cased boiling pan,<p>One piece stainless steel pan</p><p>Water faucet and lift-off lid supplied as standard</p><p>Piezo ignition</p><p>Water connection: 15mm</p><p>Drain valve: 1?î</p>,730,865,838,16.5,61900,,108,4950,47.5,2598.75,18,3066.525,G2078-90.jpg,62
G2078-135,FAL30,Dominator,Boiling pan,Gas,Round-cased boiling pan,<p>One piece stainless steel pan</p><p>Water faucet and lift-off lid supplied as standard</p><p>Piezo ignition</p><p>Water connection: 15mm</p><p>Drain valve: 1?î</p>,826,961,864,22.7,85200,,152,5600,47.5,2940,18,3469.2,G2078-135.jpg,62
E3161,DOM07,Dominator Plus,Range,Electric,Three hotplate range,"<p>Two fast-heating circular and one rectangular hotplates</p><p>Five shelf operation, two shelves supplied</p><p>Oven temperature range: 100 - 250?C</p><p>Gastronorm compatibility: 1/1</p><p>Drop down door model</p>",600,850,890,,,11.5,144,4335,47.5,2275.875,18,2685.5325,E3161.jpg,35
E3161D,DOM07,Dominator Plus,Range,Electric,Three hotplate range with drop down door,"<p>Two fast-heating circular and one rectangular hotplates</p><p>Five shelf operation, two shelves supplied</p><p>Oven temperature range: 100 - 250?C</p><p>Gastronorm compatibility: 1/1</p><p>Drop down door model</p>",600,850,890,,,11.5,144,4335,47.5,2275.875,18,2685.5325,E3161.jpg,35
E3117,DOM09,Dominator Plus,General purpose oven,Electric,General purpose oven,"<p>Five shelf operation, two shelves supplied</p><p>Oven temperature range: 100 - 250?C</p><p>Gastronorm compatibility: 2/1</p><p>Worktop model</p>",900,850,870,,,5,102,4365,47.5,2291.625,18,2704.1175,E3117.jpg,36
E2112,FAL35,Dominator,Convection oven,Electric,Convection oven with worktop,"<p>Fan-assisted oven</p><p>Five shelf operation, four shelves supplied</p><p>Oven temperature range: 100 - 250?C</p><p>Gastronorm compatibility: 2/1</p><p>Worktop model</p>",900,835,870,,,11,193,8245,47.5,4328.625,18,5107.7775,E2112.jpg,
E2112,FAL35,Dominator,Convection oven,Electric,Convection oven on stand,"<p>Fan-assisted oven</p><p>Five shelf operation, four shelves supplied</p><p>Oven temperature range: 100 - 250?C</p><p>Gastronorm compatibility: 2/1</p><p>Worktop model</p><p>Supplied mounted on an open stand</p>",900,835,1310,,,11,206,8245,47.5,4328.625,18,5107.7775,E2112S.jpg,58
E2112/2,FAL35,Dominator,Convection oven,Electric,Two tier convection oven,"<p>Two-tier oven configuration</p><p>Five shelf operation, four shelves supplied per oven</p><p>Oven temperature range: 100 - 250?C</p><p>Gastronorm compatibility: 2/1</p>",900,835,1465,,,2 x 11,343,15895,47.5,8344.875,18,9846.9525,E2112-2.jpg,58
E3478,DOM24,Dominator Plus,Steaming oven,,Steaming oven,<p>Six shelves supplied</p><p>Gastronorm compatibility: 2/1</p>,600,850,1590,,,8.6,103,2350,47.5,1233.75,18,1455.825,E3478.jpg,40
E3830,DOM10,Dominator Plus,Fryer,Electric,Single pan single basket fryer,<p>Stainless steel hob with mild steel pan</p><p>Pan lid supplied</p><p>Oil capacity: 24 litres</p><p>Chip output: 27kg per hour</p>,300,770,890,,,9.6,45,2945,47.5,1546.125,18,1824.4275,E3830.jpg,38
E3840,DOM31,Dominator Plus,Fryer,Electric,Single pan twin basket fryer,<p>Stainless steel hob with mild steel pan</p><p>Pan lid supplied</p><p>Oil capacity: 20 litres</p><p>Chip output: 58kg per hour</p>,400,770,890,,,9.6,45,3670,47.5,1926.75,18,2273.565,E3840.jpg,38
E3840F,DOM26,Dominator Plus,Fryer,Electric,Single pan twin basket fryer with filtration,<p>Stainless steel hob with mild steel pan</p><p>Built-in filtration</p><p>Pan lid supplied</p><p>Oil capacity: 20 litres</p><p>Chip output: 58kg per hour</p>,400,770,890,,,9.6,45,4865,47.5,2554.125,18,3013.8675,E3840F.jpg,38
E3860,DOM10,Dominator Plus,Fryer,Electric,Single pan twin basket fryer,<p>Stainless steel hob with mild steel pan</p><p>Pan lid supplied</p><p>Oil capacity: 40 litres</p><p>Chip output: 48kg per hour</p>,600,770,890,,,19.2,73,4315,47.5,2265.375,18,2673.1425,E3860.jpg,38
E3204,DOM38,Dominator Plus,Pasta cooker,Electric,Pasta cooker,<p>Stainless steel hob and pan</p><p>Water supply: ø15mm copper pipe</p><p>Water capacity: 25 litres</p><p>Integrated manual water fill</p>,400,770,890,,,8.3,52,2810,47.5,1475.25,18,1740.795,E3204.jpg,41
E2078-45,FAL39,Dominator,Boiling pan,Electric,Round-cased boiling pan,<p>One piece stainless steel pan</p><p>Water faucet and lift-off lid supplied as standard</p></p><p>Water connection: 15mm</p><p>Drain valve: 1?î</p>,980,726,838,,,6.7,86,5435,47.5,2853.375,18,3366.9825,E2078-45.jpg,63
E2078-90,FAL39,Dominator,Boiling pan,Electric,Round-cased boiling pan,<p>One piece stainless steel pan</p><p>Water faucet and lift-off lid supplied as standard</p></p><p>Water connection: 15mm</p><p>Drain valve: 1?î</p>,1048,826,838,,,8.5,122,5875,47.5,3084.375,18,3639.5625,E2078-90.jpg,63
E2078-135,FAL39,Dominator,Boiling pan,Electric,Round-cased boiling pan,<p>One piece stainless steel pan</p><p>Water faucet and lift-off lid supplied as standard</p></p><p>Water connection: 15mm</p><p>Drain valve: 1?î</p>,1118,942,864,,,13.9,145,6840,47.5,3591,18,4237.38,E2078-135.jpg,63
E3512,DOM21,Dominator Plus,Salamander grill,Electric,Salamander grill,<p>Five position shelf runners</p><p>Brander dimensions: 450mm (w) x 410mm (d)</p><p>Supplied with brander and nickel-plated grid shelf</p>,700,540,500,,,5.2,49,2500,47.5,1312.5,18,1548.75,E3512.jpg,40
E3532,DOM21,Dominator Plus,Salamander grill,Electric,Salamander grill,<p>Five position shelf runners</p><p>Brander dimensions: 540mm (w) x 275mm (d)</p><p>Supplied with brander and nickel-plated grid shelf</p>,785,330,325,,,3.85,31,1705,47.5,895.125,18,1056.2475,E3532.jpg,40
E3800D,DOM22,Dominator Plus,Bratt Pan,Electric,Duplex steel bratt pan,<p>60 litre Duplex stainless steel pan</p><p>Manual tilt via front located handle</p><p>Automatic power cut-off when pan tilts</p><p>Precise temperature control from 100 - 300?C</p><p>Integrated water faucet</p>,800,770,890,,,7.6,118,5200,47.5,2730,18,3221.4,E3800D.jpg,41
E3407,DOM39,Dominator Plus,Bain Marie,Electric,Stainless steel single well bain marie,<p>Stainless steel hob and well</p><p>Gastronorm compatibility: 1/1</p><p>Mounted upon adjustable legs</p><p>Front draw-off drain valve: ?î</p>,400,770,455,,,1,19,1350,47.5,708.75,18,836.325,E3407.jpg,41
E3405,DOM45,Dominator Plus,Chip Scuttle,Electric,1/1 gastronorm chip scuttle,<p>Heats from above and below</p><p>Accommodates 1/1gn containers up to 150mm deep</p>,400,770,825,,,1,21,1300,47.5,682.5,18,805.35,E3405.jpg,38
E3441,DOM42,Dominator Plus,Griddle,Electric,Polished smooth steel griddle plate,<p>Polished steel plate provides even heat distribution</p><p>Mounted upon adjustable legs</p><p>Cooking area: 395mm (w) x 485mm (d)</p>,400,770,615,,,3.45,59,1620,47.5,850.5,18,1003.59,E3441.jpg,39
E3441R,DOM42,Dominator Plus,Griddle,Electric,Ribbed steel griddle plate,<p>Ribbed steel plate provides even heat distribution</p><p>Mounted upon adjustable legs</p><p>Cooking area: 395mm (w) x 485mm (d)</p>,400,770,615,,,3.45,59,1825,47.5,958.125,18,1130.5875,E3441R.jpg,39
E3481,DOM47,Dominator Plus,Griddle,Electric,Polished smooth steel griddle plate,<p>Polished steel plate provides even heat distribution</p><p>Mounted upon adjustable legs</p><p>Cooking area: 795mm (w) x 485mm (d)</p>,800,770,615,,,6.88,98,2160,47.5,1134,18,1338.12,E3481.jpg,39
E3481R,DOM47,Dominator Plus,Griddle,Electric,Ribbed steel griddle plate,<p>Half-ribbed steel plate provides even heat distribution</p><p>Mounted upon adjustable legs</p><p>Cooking area: 795mm (w) x 485mm (d)</p>,800,770,615,,,6.88,98,2960,47.5,1554,18,1833.72,E3481R.jpg,39
DCL300,DOM15,Dominator Plus,Kitchen furniture,,Infill table,<p>Additional storage capacity</p><p>generous worktop area</p>,300,770,890,,,,,615,47.5,322.875,18,380.9925,DCL300.jpg,42
DCL600,DOM15,Dominator Plus,Kitchen furniture,,Infill table,<p>Additional storage capacity</p><p>generous worktop area</p>,600,770,890,,,,,665,47.5,349.125,18,411.9675,DCL600.jpg,42
DCL900,DOM15,Dominator Plus,Kitchen furniture,,Infill table,<p>Additional storage capacity</p><p>generous worktop area</p>,900,770,890,,,,,725,47.5,380.625,18,449.1375,DCL900.jpg,42
G350/1,FAL09,Falcon 350 Series,Range,Gas,Four burner open top range,"<p>Stainless steel hob with painted cast iron pan supports</p><p>Five shelf operation, two shelves supplied</p>",700,650,870,16500,82100,,97,3455,45,1900.25,18,2242.295,G350/1,44
G350/2,FAL09,Falcon 350 Series,Range,Gas,Solid top range,"<p>Cast iron solid topFive shelf operation, two shelves supplied</p><p>Oven temperature range: 120 - 270?C</p><p>Gastronorm compatibility: 1/1</p><p>Piezo ignition to oven</p>",700,650,870,12.5,46900,,109,3800,45,2090,18,2466.2,G350/2,44
G350/4,FAL10,Falcon 350 Series,Boiling top,Gas,Boiling top,<p>Stainless steel hob with painted cast iron pan supports</p><p>Countertop model</p>,350,650,305,8.8,33000,,26,1160,45,638,18,752.84,G350/4,44
G350/5,FAL10,Falcon 350 Series,Boiling top,Gas,Boiling top,<p>Stainless steel hob with painted cast iron pan supports</p><p>Countertop model</p>,700,650,305,17.6,66000,,46,1645,45,904.75,18,1067.605,G350/5,44
G350/7,FAL11,Falcon 350 Series,Griddle,Gas,Griddle plate,<p>Cast iron plate provides even heat distribution</p><p>Single thermostatically controlled gas burner</p><p>Piezo ignition</p><p>Countertop model</p>,350,650,305,5.3,19900,,38,1595,45,877.25,18,1035.155,G350/7,45
G350/8,FAL11,Falcon 350 Series,Griddle,Gas,Griddle plate,<p>Cast iron plate provides even heat distribution</p><p>Two thermostatically controlled gas burners</p><p>Piezo ignition</p><p>Countertop model</p>,700,650,305,10.5,39400,,73,2210,45,1215.5,18,1434.29,G350/8,45
G350/9,FAL12,Falcon 350 Series,Chargrill,Gas,Chargrill,<p>Single manually controlled gas burner</p><p>Utilises a lava rock system</p><p>Removable grease collection box</p><p>Variable height branding bars</p><p>Countertop model</p>,350,650,305,9.6,36000,,46,1685,45,926.75,18,1093.565,G350/9,45
G350/10,FAL12,Falcon 350 Series,Chargrill,Gas,Chargrill,<p>Two manually controlled gas burner</p><p>Utilises a lava rock system</p><p>Removable grease collection box</p><p>Variable height branding bars</p><p>Countertop model</p>,700,650,305,19.2,72100,,78,2470,45,1358.5,18,1603.03,G350/10,45
G350/11,FAL13,Falcon 350 Series,Fryer,Gas,Single pan single basket freestanding fryer,<p>Stainless steel hob with mild steel pan</p><p>Piezo ignition to burner</p><p>Pan lid supplied</p><p>Oil capacity: 12 litres</p><p>Chip output: 18kg per hour</p>,350,650,870,11.8,44300,,46,2835,45,1559.25,18,1839.915,G350/11,46
G350/12,FAL13,Falcon 350 Series,Fryer,Gas,Twin pan single basket freestanding fryer,<p>Stainless steel hob with two mild steel pans</p><p>Piezo ignition to burners</p><p>Pan lid supplied</p><p>Oil capacity: 24 litres</p><p>Chip output: 36kg per hour</p>,700,650,870,23.6,88600,,84,4195,45,2307.25,18,2722.555,G350/12,46
E350/30,FAL14,Falcon 350 Series,Range,Electric,Four hotplate Range,"<p>Five shelf operation, two shelves supplied</p><p>Oven temperature range: 100 - 250?C</p><p>Gastronorm compatibility: 1/1</p>",700,650,870,,,10.7,91,4010,45,2205.5,18,2602.49,E350-30.jpg,47
E350/32,FAL15,Falcon 350 Series,Boiling top,Electric,Two hotplate boiling top,<p>Two circular hotplates</p><p>Countertop unit</p>,350,650,305,,,3.84,23,1115,45,613.25,18,723.635,E350-32.jpg,47
E350/33,FAL15,Falcon 350 Series,Boiling top,Electric,Four hotplate boiling top,<p>Four circular hotplates</p><p>Countertop unit</p>,700,650,305,,,7.68,38,1815,45,998.25,18,1177.935,E350-33.jpg,47
E350/34,FAL16,Falcon 350 Series,Griddle,Electric,Griddle plate,<p>Cast iron plate provides even heat distribution</p><p>Cooking surface: 260mm (w) x 455mm (d)</p><p>Removable grease collection tray</p><p>Countertop unit</p>,350,650,305,,,3.6,37,1335,45,734.25,18,866.415,E350-34.jpg,47
E350/35,FAL16,Falcon 350 Series,Griddle,Electric,Griddle plate,<p>Cast iron plate provides even heat distribution</p><p>Cooking surface: 610mm (w) x 455mm (d)</p><p>Removable grease collection tray</p><p>Countertop unit</p>,700,650,305,,,7.2,75,1835,45,1009.25,18,1190.915,E350-35.jpg,47
E350/36,FAL17,Falcon 350 Series,Fryer,Electric,Freestanding Fryer,<p>Stainless steel hob with mild steel pan</p><p>Pan lid supplied</p><p>Oil capacity: 12 litres</p><p>Chip output: 22.7kg per hour</p>,350,650,870,,,8.6,37,2520,45,1386,18,1635.48,E350-36.jpg,48
E350/37,FAL17,Falcon 350 Series,Fryer,Electric,Freestanding Fryer,<p>Stainless steel hob with two mild steel pans</p><p>Pan lid supplied</p><p>Oil capacity: 24 litres</p><p>Chip output: 45.4kg per hour</p>,700,650,870,,,17.25,62,4010,45,2205.5,18,2602.49,E350-37.jpg,48
E350/38,FAL18,Falcon 350 Series,Fryer,Electric,Countertop Fryer,<p>Stainless steel hob with mild steel pan</p><p>Pan lid supplied</p><p>Oil capacity: 6.5 litres</p><p>Chip output: 22.7kg per hour</p><p>Countertop model</p>,350,650,305,,,5.3,26,1890,45,1039.5,18,1226.61,E350-38.jpg,48
E350/39,FAL18,Falcon 350 Series,Fryer,Electric,Countertop Fryer,<p>Stainless steel hob with two mild steel pans</p><p>Pan lid supplied</p><p>Oil capacity: 13 litres</p><p>Chip output: 45.4kg per hour</p><p>Countertop model</p>,700,650,305,,,10.5,46,3265,45,1795.75,18,2118.985,E350-39.jpg,48
E350/40,FAL19,Falcon 350 Series,Bain Marie,Electric,Wet well Bain Marie,<p>Accommodates 1/1 gastronorm container or variants (not supplied)</p><p>Front draw-off drain valve: ?î</p>,350,650,305,,,1.44,20,1245,45,684.75,18,808.005,E350-40.jpg,49
E350/41,FAL19,Falcon 350 Series,Bain Marie,Electric,Wet well Bain Marie,<p>Accommodates 2 x 1/1 gastronorm container or variants (not supplied)</p><p>Front draw-off drain valve: ?î</p>,700,650,305,,,2.88,46,1735,45,954.25,18,1126.015,E350-41.jpg,49
E350/42,FAL19,Falcon 350 Series,Bain Marie,Electric,Dry Well Bain Marie,<p>Accommodates 1/1 gastronorm container or variants (not supplied)</p><p>Front draw-off drain valve: ?î</p>,350,650,305,,,1.44,18,1125,45,618.75,18,730.125,E350/42.jpg,49
E350/43,FAL19,Falcon 350 Series,Bain Marie,Electric,Dry Well Bain Marie,<p>Accommodates 2 x 1/1 gastronorm container or variants (not supplied)</p><p>Front draw-off drain valve: ?î</p>,700,650,305,,,2.88,30,1465,45,805.75,18,950.785,E350-43.jpg,49
E350/48,FAL20,Falcon 350 Series,Chip scuttle,Electric,Chip Scuttle,<p>1/1 gastronorm tray for storage</p><p>Warmed by variable heat elements</p><p>Halogen heat lamp above tray</p>,350,650,745,,,1.9,24,1345,45,739.75,18,872.905,E350-48.jpg,49
350/17,FAL21,Falcon 350 Series,Kitchen furniture,,Worktop Drawer Unit,<p>Pull-out drawer provides additional storage</p><p>Reinforced worktop section</p>,350,650,305,,,,19,720,45,396,18,467.28,350-17.jpg,50
350/18,FAL21,Falcon 350 Series,Kitchen furniture,,Worktop Drawer Unit,<p>Pull-out drawer provides additional storage</p><p>Reinforced worktop section</p>,700,650,305,,,,29,930,45,511.5,18,603.57,350-18.jpg,50
350/44,FAL21,Falcon 350 Series,Kitchen furniture,,Stand Unit,<p>Reinforced undershelf</p><p>Designed to accommodate 700mm wide counter models</p>,700,600,590,,,,18,430,45,236.5,18,279.07,350-44.jpg,50
350/60,FAL21,Falcon 350 Series,Kitchen furniture,,Stand Unit,<p>Reinforced undershelf</p><p>Designed to accommodate 350mm wide counter models</p>,350,600,590,,,,15,365,45,200.75,18,236.885,350-60.jpg,50
350/61,FAL21,Falcon 350 Series,Kitchen furniture,,Unheated Cupboard,<p>Twin shelves provide additional storage</p><p>Designed to accommodate 350mm wide counter models</p>,350,600,590,,,,23,670,45,368.5,18,434.83,350-61.jpg,51
350/62,FAL21,Falcon 350 Series,Kitchen furniture,,Unheated Cupboard,<p>Twin shelves provide additional storage</p><p>Designed to accommodate 700mm wide counter models</p>,700,600,590,,,,34,870,45,478.5,18,564.63,350-62.jpg,51
G2845F,FAL60,Infinity Pre-mix Fryer,Fryer,Gas,High-output Single pan twin basket fryer,<p>Stainless steel hob with mild steel pan</p><p>Manual controls</p><p>Electronic ignition</p><p>Pan lid supplied</p><p>Oil capacity: 16 litres</p><p>Chip output: 50kg per hour</p>,400,780,870,22,82600,,88,6685,45,3676.75,18,4338.565,G2845F.jpg,56
G2844F,FAL60,Infinity Pre-mix Fryer,Fryer,Gas,High-output Single pan twin basket fryer - programmable,<p>Stainless steel hob with mild steel pan</p><p>Progarmmable controls</p><p>Electronic ignition</p><p>Pan lid supplied</p><p>Oil capacity: 16 litres</p><p>Chip output: 50kg per hour</p>,400,780,870,22,82600,,96,7425,45,4083.75,18,4818.825,G2844F.jpg,56
G401,FAL24,400 Series,Fryer,Gas,"High-output single pan, twin basket fryer",<p>Stainless steel hob with mild steel pan</p><p>Manual Controls</p><p>Electronic ignition</p><p>Oil capacity: 18 litres</p><p>Chip output: 34kg per hour</p>,400,850,1200,23,86300,,80,3755,47.5,1971.375,18,2326.2225,G401.jpg,54
G401F,FAL02,400 Series,Fryer,Gas,"High-output single pan, twin basket fryer",<p>Stainless steel hob with mild steel pan</p><p>Built in Filtration</p><p>Manual Controls</p><p>Electronic ignition</p><p>Oil capacity: 18 litres</p><p>Chip output: 34kg per hour</p>,400,850,1200,23,86300,,88,4865,47.5,2554.125,18,3013.8675,G401F.jpg,54
G402F,FAL02,400 Series,Fryer,Gas,"High-output single pan, twin basket fryer - programmable",<p>Stainless steel hob with mild steel pan</p><p>Built in filtration</p><p>Programmable Controls</p><p>Electronic ignition</p><p>Oil capacity: 18 litres</p><p>Chip output: 34kg per hour</p>,400,850,1200,23,86300,,,5405,47.5,2837.625,18,3348.3975,G402F.jpg,54
E401F,FAL03,400 Series,Fryer,Electric,"High-output single pan, twin basket fryer",<p>Stainless steel hob with mild steel pan</p><p>Built in filtration</p><p>Manual controls</p><p>Oil capacity: 20 litres</p><p>Chip output: 58kg per hour</p>,400,850,1200,,,20,80,4650,47.5,2441.25,18,2880.675,E401F.jpg,55
E402F,FAL03,400 Series,Fryer,Electric,"High-output single pan, twin basket fryer - programmable",<p>Stainless steel hob with mild steel pan</p><p>Built in filtration</p><p>Programmable controls</p><p>Oil capacity: 20 litres</p><p>Chip output: 58kg per hour</p>,400,850,1200,,,20,80,5190,47.5,2724.75,18,3215.205,E402F.jpg,55
E421F,FAL22,400 Series,Fryer,Electric,High-output twin pan fryer ,<p>Stainless steel hob with two mild steel pans</p><p>Built in filtration</p><p>Manual controls</p><p>Oil capacity: 20 litres</p><p>Chip output: 50kg per hour</p>,400,850,1200,,,20,82,6260,47.5,3286.5,18,3878.07,E421F.jpg,55
E422F,FAL22,400 Series,Fryer,Electric,High-output twin pan fryer - programmable,<p>Stainless steel hob with two mild steel pans</p><p>Built in filtration</p><p>Programmable controls</p><p>Oil capacity: 20 litres</p><p>Chip output: 50kg per hour</p>,400,850,1200,,,20,82,6800,47.5,3570,18,4212.6,E422F.jpg,55
E711,FAL01,Falcon Countertop Oven,Countertop Oven,Electric,Countertop convection oven,"<p>Oven temperature range: 50 - 270?C</p><p>Six shelf positions, three shelves supplied</p><p>Gastronorm compatibility: 1/1</p><p>Fitted with 13 amp plug - ready to plug in and use</p>",770,620,570,,,2.65,48,1950,45,1072.5,18,1265.55,E711.jpg,61
E711D,FAL23,Falcon Regeneration Oven,Regeneration oven,Electric,Countertop regeneration oven,<p>Oven temperature range: 50 - 270?C</p><p>Five shelf capacity for regeneration</p><p>Three shelf capacity for conventional cooking</p><p>Gastronorm compatibility: 1/1</p><p>Fitted with 13 amp plug - ready to plug in and use</p>,770,620,570,,,2.65,51,2760,45,1518,18,1791.24,E711D.jpg,61
E3903i,DOM12,Dominator Plus,Induction,Electric,Induction boiling table,"<p>4 x 3.5kW cooking zone model</p><p>Five shelf operation, two shelves supplied</p><p>Oven temperature range: 100 - 250?C</p><p>Gastronorm compatibility: 1/1</p><p>In-built pan detection, no pan - no wasted energy</p>",900,800,455,,,14,92,5470,25,4102.5,18,4840.95,E3903i.jpg,32
E3904i,DOM37,Dominator Plus,Induction,Electric,Induction boiling top,"<p>4 x 5kW cooking zone model</p><p>Five shelf operation, two shelves supplied</p><p>Oven temperature range: 100 - 250?C</p><p>Gastronorm compatibility: 1/1</p><p>In-built pan detection, no pan - no wasted energy</p>",900,800,455,,,20,92,6020,25,4515,18,5327.7,E3904i.jpg,32
E3901i,DOM23,Dominator Plus,Induction,Electric,Induction boiling top,"<p>2 x 3.5kW cooking zone model</p><p>In-built pan detection, no pan - no wasted energy</p><p>Mounted upon adjustable legs</p>",400,800,455,,,7,42,4515,25,3386.25,18,3995.775,E3901i.jpg,31
E3902i,DOM23,Dominator Plus,Induction,Electric,Induction boiling top,"<p>2 x 5kW cooking zone model</p><p>In-built pan detection, no pan - no wasted energy</p><p>Mounted upon adjustable legs</p>",400,800,455,,,10,42,4965,25,3723.75,18,4394.025,E3902i.jpg,31
I-Top,FAL08,Table Top Induction,Induction,Electric,Induction tabletop unit,<p>Single 3kW cooking zone</p><p>Boils 3 litres of water in just 8 minutes</p><p>Allows cooking in any location where thereÍs a power point</p><p>In-built pan detection - no pan = no wasted energy</p>,340,445,100,,,3,7.3,1100,25,825,18,973.5,i-top.jpg,32
GEM T07S,FAL30,Falcon,Combination Oven,Electric,Combination steaming oven,<p>7 x 1/1 GN compatible</p><p>2 x 1/1 GN grid shelves supplied</p><p>Standard control system</p><p>Calout scale prevention system</p><p>Multi-point probe</p><p>Hand shower</p><p>99 programme storage</p>,890,825,810,,,10.5,137,6555,45,3605.25,18,4254.195,GEM T07S.jpg,Falcon Combi Price list
GEM T10S,FAL31,Falcon,Combination Oven,Electric,Combination steaming oven,<p>10 x 1/1 GN compatible</p><p>2 x 1/1 GN grid shelves supplied</p><p>Standard control system</p><p>Calout scale prevention system</p><p>Multi-point probe</p><p>Hand shower</p><p>99 programme storage</p>,960,825,1030,,,16,168,8695,45,4782.25,18,5643.055,GEM T10S.jpg,Falcon Combi Price list
GEM T21S,FAL32,Falcon,Combination Oven,Electric,Combination steaming oven,<p>21 x 1/1 GN compatible</p><p>2 x 1/1 GN grid shelves supplied</p><p>Standard control system</p><p>Calout scale prevention system</p><p>Multi-point probe</p><p>Hand shower</p><p>99 programme storage</p>,960,825,1810,,,31.8,315,14950,45,8222.5,18,9702.55,GEM T21S.jpg,Falcon Combi Price list
GEM T07X,FAL33,Falcon,Combination Oven,Electric,Combination steaming oven,<p>7 x 1/1 GN compatible</p><p>2 x 1/1 GN grid shelves supplied</p><p>Multi-functional - Interactive touch screen</p><p>Calout scale prevention system</p><p>Automatic Washing System</p><p>Multi-point probe</p><p>Hand shower</p><p>400 programme storage</p>,890,825,810,,,10.5,137,8695,45,4782.25,18,5643.055,GEM T07X.jpg,Falcon Combi Price list
GEM T10X,FAL34,Falcon,Combination Oven,Electric,Combination steaming oven,<p>10x 1/1 GN compatible</p><p>2 x 1/1 GN grid shelves supplied</p><p>Multi-functional - Interactive touch screen</p><p>Calout scale prevention system</p><p>Automatic Washing System</p><p>Multi-point probe</p><p>Hand shower</p><p>400 programme storage</p>,960,825,1030,,,16,168,10495,45,5772.25,18,6811.255,GEM T10X.jpg,Falcon Combi Price list
GEM T21X,FAL35,Falcon,Combination Oven,Electric,Combination steaming oven,<p>21 x 1/1 GN compatible</p><p>2 x 1/1 GN grid shelves supplied</p><p>Multi-functional - Interactive touch screen</p><p>Calout scale prevention system</p><p>Automatic Washing System</p><p>Multi-point probe</p><p>Hand shower</p><p>400 programme storage</p>,960,825,1810,,,31.8,315,17995,45,9897.25,18,11678.755,GEM T21X.jpg,Falcon Combi Price list
GGM T07S,FAL42,Falcon,Combination Oven,Gas,Combination steaming oven,<p>7 x 1/1 GN compatible</p><p>2 x 1/1 GN grid shelves supplied</p><p>Standard control system</p><p>Calout scale prevention system</p><p>Multi-point probe</p><p>Hand shower</p><p>99 programme storage</p>,890,825,810,15,56300,0.5,156,8695,45,4782.25,18,5643.055,GGM T07S.jpg,Falcon Combi Price list
GGM T10S,FAL43,Falcon,Combination Oven,Gas,Combination steaming oven,<p>10 x 1/1 GN compatible</p><p>2 x 1/1 GN grid shelves supplied</p><p>Standard control system</p><p>Calout scale prevention system</p><p>Multi-point probe</p><p>Hand shower</p><p>99 programme storage</p>,960,825,1030,28,105100,1,196,10645,45,5854.75,18,6908.605,GGM T10S.jpg,Falcon Combi Price list
GGM T21S,FAL44,Falcon,Combination Oven,Gas,Combination steaming oven,<p>21 x 1/1 GN compatible</p><p>2 x 1/1 GN grid shelves supplied</p><p>Standard control system</p><p>Calout scale prevention system</p><p>Multi-point probe</p><p>Hand shower</p><p>99 programme storage</p>,960,825,1810,48,180200,1.8,395,17585,45,9671.75,18,11412.665,GGM T21S.jpg,Falcon Combi Price list
GGM T07X,FAL45,Falcon,Combination Oven,Gas,Combination steaming oven,<p>7 x 1/1 GN compatible</p><p>2 x 1/1 GN grid shelves supplied</p><p>Multi-functional - Interactive touch screen</p><p>Calout scale prevention system</p><p>Automatic Washing System</p><p>Multi-point probe</p><p>Hand shower</p><p>400 programme storage</p>,890,825,810,15,56300,0.5,156,10695,45,5882.25,18,6941.055,GGM T07X.jpg,Falcon Combi Price list
GGM T10X,FAL46,Falcon,Combination Oven,Gas,Combination steaming oven,<p>10x 1/1 GN compatible</p><p>2 x 1/1 GN grid shelves supplied</p><p>Multi-functional - Interactive touch screen</p><p>Calout scale prevention system</p><p>Automatic Washing System</p><p>Multi-point probe</p><p>Hand shower</p><p>400 programme storage</p>,960,825,1030,28,105100,1,196,12995,45,7147.25,18,8433.755,GGM T10X.jpg,Falcon Combi Price list
GGM T21X,FAL47,Falcon,Combination Oven,Gas,Combination steaming oven,<p>21 x 1/1 GN compatible</p><p>2 x 1/1 GN grid shelves supplied</p><p>Multi-functional - Interactive touch screen</p><p>Calout scale prevention system</p><p>Automatic Washing System</p><p>Multi-point probe</p><p>Hand shower</p><p>400 programme storage</p>,960,825,1810,48,180200,1.8,395,20995,45,11547.25,18,13625.755,GGM T21X.jpg,Falcon Combi Price list
FCC 23S,FAL36,Falcon,Combination Oven,Electric,Compact combination steaming oven,<p>6 x 2/3 GN compatible</p><p>2 x 2/3 GN grid shelves supplied</p><p>Standard control system</p><p>Multi-point probe</p><p>Hand shower</p><p>99 programme storage</p>,510,625,730,,,5.25,57,5035,45,2769.25,18,3267.715,FCC 23S.jpg,Falcon Combi Price list
FCC 6S,FAL37,Falcon,Combination Oven,Electric,Compact combination steaming oven,<p>6 x 1/1 GN compatible</p><p>2 x 1/1 GN grid shelves supplied</p><p>Standard control system</p><p>Multi-point probe</p><p>Hand shower</p><p>99 programme storage</p>,510,800,730,,,7.75,84,5700,45,3135,18,3699.3,FCC 6S.jpg,Falcon Combi Price list
FCC 10S,FAL38,Falcon,Combination Oven,Electric,Compact combination steaming oven,<p>10 x 1/1 GN compatible</p><p>2 x 1/1 GN grid shelves supplied</p><p>Standard control system</p><p>Multi-point probe</p><p>Hand shower</p><p>99 programme storage</p>,510,800,970,,,15.5,85,7500,45,4125,18,4867.5,FCC 10S.jpg,Falcon Combi Price list
FCC 23X,FAL39,Falcon,Combination Oven,Electric,Compact combination steaming oven,<p>6 x 2/3 GN compatible</p><p>2 x 2/3 GN grid shelves supplied</p><p>Multi-functional - Interactive touch screen</p><p>Automatic Washing System</p><p>Multi-point probe</p><p>Hand shower</p><p>400 programme storage</p>,510,625,730,,,5.25,57,6190,45,3404.5,18,4017.31,FCC 23X.jpg,Falcon Combi Price list
FCC 6X,FAL40,Falcon,Combination Oven,Electric,Compact combination steaming oven,<p>6 x 1/1 GN compatible</p><p>2 x 1/1 GN grid shelves supplied</p><p>Multi-functional - Interactive touch screen</p><p>Automatic Washing System</p><p>Multi-point probe</p><p>Hand shower</p><p>400 programme storage</p>,510,800,730,,,7.75,84,7900,45,4345,18,5127.1,FCC 6X.jpg,Falcon Combi Price list
FCC 10X,FAL41,Falcon,Combination Oven,Electric,Compact combination steaming oven,<p>10 x 1/1 GN compatible</p><p>2 x 1/1 GN grid shelves supplied</p><p>Multi-functional - Interactive touch screen</p><p>Automatic Washing System</p><p>Multi-point probe</p><p>Hand shower</p><p>400 programme storage</p>,510,800,970,,,15.5,85,9700,45,5335,18,6295.3,FCC 10X.jpg,Falcon Combi Price list
FSC 6S,FAL48,Falcon,Combination Oven,Electric,Combination steaming oven,<p>6 x 1/1 GN compatible</p><p>2 x 1/1 GN grid shelves supplied</p><p>Standard control system</p><p>Calout scale prevention system</p><p>Multi-point probe</p><p>Hand shower</p><p>99 programme storage</p>,850,650,690,,,8.25,80,5950,45,3272.5,18,3861.55,FSC 6S.jpg,Falcon Combi Price list
FSC 6X,FAL49,Falcon,Combination Oven,Electric,Combination steaming oven,<p>6 x 1/1 GN compatible</p><p>2 x 1/1 GN grid shelves supplied</p><p>Multi-functional - Interactive touch screen</p><p>Calout scale prevention system</p><p>Automatic Washing System</p><p>Multi-point probe</p><p>Hand shower</p><p>400 programme storage</p>,850,650,690,,,8.25,80,7800,45,4290,18,5062.2,FSC 6X.jpg,Falcon Combi Price list
LD1,LD1,Pro-Lite,Boiling top,Electric,Two hotplate boiling top,<p>The Pro-Lite LD1 two hotplate boiling top is ready to plug in and use when removed from its packaging. It can be mounted upon any suitable flat counter surface.</p>,300,600,285,,,3,11,325,45,178.75,18,210.925,LD1.jph,66
LD2,LD1,Pro-Lite,Boiling top,Electric,Four hotplate boiling top,<p>The Pro-Lite LD2 four hotplate boiling top can be mounted upon any suitable flat counter surface. Each hotplate is controlled by 6 heat rotary switch.</p>,600,600,285,,,7,20,460,45,253,18,298.54,LD2.jpg,66
LD46,LD2,Pro-Lite,Fryer,Electric,Single pan single basket freestanding fryer - 8 litre,"<p>With high output, fast recovery time and easy to clean design, the Pro-Lite LD46 single pan, single basket fryer is ideal for small batch frying.</p>",300,600,965,,,6,27,870,45,478.5,18,564.63,LD46.jpg,66
LD48,LD2,Pro-Lite,Fryer,Electric,Twin pan twin basket freestanding fryer - 2x 8 litre,"<p>With high output, fast recovery time and easy to clean design, the Pro-Lite LD48 twin pan, two basket fryer is ideal for small batch frying.</p>",600,600,965,,,2 x 6,28,1255,45,690.25,18,814.495,LD48.jpg,66
LD50,LD3,Pro-Lite,Fryer,Electric,Single pan single basket countertop fryer - 7 litre,"<p>With high output, fast recovery time and easy to clean design, the Pro-Lite LD50 single pan, single basket countertop fryer is ideal for small batch frying.</p>",300,600,315,,,2.75,12.5,505,45,277.75,18,327.745,LD50.jpg,66
LD56,LD3,Pro-Lite,Fryer,Electric,Twin pan twin basket countertop fryer - 2x 7 litre,"<p>With high output, fast recovery time and easy to clean design, the Pro-Lite LD56 two pan, two basket countertop fryer is ideal for small batch frying.</p>",600,600,315,,,2 x 2.75,25,840,45,462,18,545.16,LD56.jpg,66
LD60,LD4,Pro-Lite,Chip scuttle,Electric,Chip scuttle with heat lamp,<p>The LD60 chip scuttle is ideal for the holding of cooked chips prior to serving. a heat lamp warms from above while an element maintains a holding temperature below the container</p>,450,600,610,,,1.25,17.5,1200,45,660,18,778.8,LD60.jpg,66
LD5,LD5,Pro-Lite,Griddle,Electric,Machined steel griddle,<p>The Pro-Lite LD5 machined steel griddle offers a convenient means of shallow frying for the smaller catering establishment.</p>,300,600,285,,,2.75,31,450,45,247.5,18,292.05,LD5.jpg,67
LD6 ,LD5,Pro-Lite,Griddle,Electric,Machined steel griddle,<p>The Pro-Lite LD5 machined steel griddle offers a convenient means of shallow frying for the smaller catering establishment.</p>,450,600,285,,,2.75,43,520,45,286,18,337.48,LD6.jpg,67
LD7,LD5,Pro-Lite,Griddle,Electric,Machined steel griddle,<p>The Pro-Lite LD5 machined steel griddle offers a convenient means of shallow frying for the smaller catering establishment.</p>,600,600,285,,,2.75,45,595,45,327.25,18,386.155,LD7.jpg,67
LD22,LD6,Pro-Lite,Grill,Electric,Salamander grill with toast rack,"<p>The Pro-Lite LD22 grill is easy to use and a flexible means of cooking. It can be mounted upon optional bench legs, wall bracket or floor stand.</p>",600,350,285,,,2.8,23,395,45,217.25,18,256.355,LD22.jpg,67
LD69,LD11,Pro-Lite,Pasta Cooker,Electric,Single pan pasta cooker,<p>The Pro-Lite LD69 countertop pasta cooker is ideal for small batch preparation. It will augment the existing traditional boiling top to provide additional cooking capacity.</p>,300,600,315,,,2.75,12.5,730,45,401.5,18,473.77,LD69.jpg,68
LD33,LD7,Pro-Lite,Bain Marie,Electric,Dry heat bain marie with 2 pots,<p>The LD33 dry heat bain marie features two round stainless steel pots for the storage of hot food prior to serving.</p>,300,600,285,,,0.48,15,330,45,181.5,18,214.17,LD33.jpg,67
LD34,LD7,Pro-Lite,Bain Marie,Electric,Wet heat bain marie with 2 pots,<p>The LD34 wet heat bain marie features two round stainless steel pots for the storage of hot food prior to serving. Drain tap provided.</p>,300,600,285,,,1,15,435,45,239.25,18,282.315,LD34.jpg,67
LD36,LD8,Pro-Lite,Bain Marie,Electric,Dry heat bain marie with 4 pots,<p>The LD36 dry heat bain marie features four round stainless steel pots for the storage of hot food prior to serving.</p>,450,600,285,,,0.75,18,460,45,253,18,298.54,LD36.jpg,67
LD37,LD8,Pro-Lite,Bain Marie,Electric,Wet heat bain marie with 4 pots,<p>The LD37 wet heat bain marie features four round stainless steel pots for the storage of hot food prior to serving. Drain tap provided.</p>,450,600,285,,,1,18,520,45,286,18,337.48,LD37.jpg,67
LD38,LD9,Pro-Lite,Bain Marie,Electric,Dry heat bain marie with 3 x 1/3 containers,<p>The LD38 dry heat bain marie features 3 x 1/3 gastronorm containers for the storage of hot food prior to serving.</p>,300,600,285,,,0.48,15,375,45,206.25,18,243.375,LD38.jpg,67
LD39,LD9,Pro-Lite,Bain Marie,Electric,Dry heat bain marie (no containers),<p>The LD39 dry heat bain marie is designed for the storage of hot food prior to serving. Containers are not supplied with this model. Choose a configuration to suit your business.</p>,600,600,285,,,0.75,22,420,45,231,18,272.58,LD39.jpg,67
LD43,LD10,Pro-Lite,Bain Marie,Electric,Dry heat bain marie with (no containers),<p>The LD43 wet heat bain marie is designed for the storage of hot food prior to serving. Containers are not supplied with this model. Choose a configuration to suit your business.</p>,600,600,285,,,2,22,525,45,288.75,18,340.725,LD43.jpg,67
LD64,LD13,Pro-Lite,Oven,Electric,Fan-assisted oven with glass door panel,<p>The Pro-Lite LD64 is a fan-assisted convection oven with a glass door. Hob units can be mounted upon this appliance.</p>,600,550,650,,,3,41,1260,45,693,18,817.74,LD64.jpg,68
LD203,LD12,Pro-Lite,Water Boiler,Electric,Water boiler (automatic fill),"<p>The Pro-Lite LD203 water boiler is an ideal model to provide continuous boiling water. The boiler has an automatic fill feature, is easy to descale and service and has electronic controls. It has an immediate draw off capacity of 10 litres, with an output of 28 litres per hour or 156 cups.</p>",280,470,580,,,2.8,15,560,45,308,18,363.44,LD203.jpg,68
